[
  {
    "name": "property",
    "fields": [
      {
        "name": "title",
        "type": "text",
        "description": "Property title",
        "options": null
      },
      {
        "name": "type",
        "type": "text",
        "description": "Property type (residential or commercial)",
        "options": [
          "residential",
          "commercial"
        ]
      },
      {
        "name": "price",
        "type": "text",
        "description": "Property price",
        "options": null
      },
      {
        "name": "area",
        "type": "text",
        "description": "Property area in square meters",
        "options": null
      },
      {
        "name": "description",
        "type": "text",
        "description": "Property description",
        "options": null
      },
      {
        "name": "status",
        "type": "text",
        "description": "Property status",
        "options": [
          "available",
          "sold"
        ]
      },
      {
        "name": "region",
        "type": "text",
        "description": "Region name",
        "options": null
      },
      {
        "name": "images",
        "type": "array",
        "description": "Property images URLs",
        "options": null
      },
      {
        "name": "videos",
        "type": "array",
        "description": "Property videos URLs",
        "options": null
      },
      {
        "name": "bedrooms",
        "type": "text",
        "description": "Number of bedrooms",
        "options": null
      },
      {
        "name": "bathrooms",
        "type": "text",
        "description": "Number of bathrooms",
        "options": null
      },
      {
        "name": "floors",
        "type": "text",
        "description": "Number of floors",
        "options": null
      },
      {
        "name": "parking",
        "type": "text",
        "description": "Parking information",
        "options": null
      },
      {
        "name": "furnished",
        "type": "text",
        "description": "Furnished status",
        "options": [
          "\u0645\u0641\u0631\u0648\u0634",
          "\u0646\u0635\u0641 \u0645\u0641\u0631\u0648\u0634",
          "\u063a\u064a\u0631 \u0645\u0641\u0631\u0648\u0634"
        ]
      },
      {
        "name": "yearBuilt",
        "type": "text",
        "description": "Year the property was built",
        "options": null
      },
      {
        "name": "condition",
        "type": "text",
        "description": "Property condition",
        "options": [
          "\u062c\u062f\u064a\u062f",
          "\u0645\u0645\u062a\u0627\u0632",
          "\u062c\u064a\u062f",
          "\u064a\u062d\u062a\u0627\u062c \u0635\u064a\u0627\u0646\u0629"
        ]
      },
      {
        "name": "securitySystem",
        "type": "text",
        "description": "Security system available",
        "options": [
          "\u0643\u0627\u0645\u064a\u0631\u0627\u062a \u0645\u0631\u0627\u0642\u0628\u0629",
          "\u062d\u0631\u0627\u0633\u0629 24 \u0633\u0627\u0639\u0629",
          "\u0628\u0648\u0627\u0628\u0629 \u0625\u0644\u0643\u062a\u0631\u0648\u0646\u064a\u0629",
          "\u063a\u064a\u0631 \u0645\u062a\u0648\u0641\u0631"
        ]
      },
      {
        "name": "garden",
        "type": "text",
        "description": "Garden availability",
        "options": [
          "\u062d\u062f\u064a\u0642\u0629 \u062e\u0627\u0635\u0629",
          "\u062d\u062f\u064a\u0642\u0629 \u0645\u0634\u062a\u0631\u0643\u0629",
          "\u063a\u064a\u0631 \u0645\u062a\u0648\u0641\u0631"
        ]
      },
      {
        "name": "swimmingPool",
        "type": "text",
        "description": "Swimming pool availability",
        "options": [
          "\u062d\u0645\u0627\u0645 \u0633\u0628\u0627\u062d\u0629 \u062e\u0627\u0635",
          "\u062d\u0645\u0627\u0645 \u0633\u0628\u0627\u062d\u0629 \u0645\u0634\u062a\u0631\u0643",
          "\u063a\u064a\u0631 \u0645\u062a\u0648\u0641\u0631"
        ]
      }
    ]
  },
  {
    "name": "region",
    "fields": [
      {
        "name": "name",
        "type": "text",
        "description": "Region name",
        "options": null
      },
      {
        "name": "mapImage",
        "type": "text",
        "description": "Map image URL",
        "options": null
      }
    ]
  },
  {
    "name": "settings",
    "fields": [
      {
        "name": "companyEmail",
        "type": "text",
        "description": "Company email address",
        "options": null
      },
      {
        "name": "whatsappNumber",
        "type": "text",
        "description": "WhatsApp contact number",
        "options": null
      },
      {
        "name": "facebookUrl",
        "type": "text",
        "description": "Facebook page URL",
        "options": null
      },
      {
        "name": "instagramUrl",
        "type": "text",
        "description": "Instagram page URL",
        "options": null
      },
      {
        "name": "heroImageUrl",
        "type": "text",
        "description": "Hero section background image URL",
        "options": null
      }
    ]
  },
  {
    "name": "message",
    "fields": [
      {
        "name": "name",
        "type": "text",
        "description": "Sender name",
        "options": null
      },
      {
        "name": "email",
        "type": "text",
        "description": "Sender email",
        "options": null
      },
      {
        "name": "phone",
        "type": "text",
        "description": "Sender phone number",
        "options": null
      },
      {
        "name": "message",
        "type": "text",
        "description": "Message content",
        "options": null
      },
      {
        "name": "read",
        "type": "bool",
        "description": "Message read status",
        "options": null
      }
    ]
  }
]